                  epoch,         train/box_loss,         train/seg_loss,         train/obj_loss,         train/cls_loss,   metrics/precision(B),      metrics/recall(B),     metrics/mAP_0.5(B),metrics/mAP_0.5:0.95(B),   metrics/precision(M),      metrics/recall(M),     metrics/mAP_0.5(M),metrics/mAP_0.5:0.95(M),           val/box_loss,           val/seg_loss,           val/obj_loss,           val/cls_loss,                  x/lr0,                  x/lr1,                  x/lr2
                      0,               0.096395,               0.059829,                  0.061,               0.023701,                0.60764,                0.30258,                0.32094,                0.12416,                0.61037,                0.31197,                 0.3384,                0.15654,               0.085942,               0.029444,               0.049688,               0.012198,               0.070423,              0.0032864,              0.0032864
                      1,               0.080063,               0.030152,               0.048094,               0.014825,                0.21272,                0.65504,                0.30451,                0.13169,                0.34448,                0.82746,                0.50405,                0.24751,               0.085981,               0.023251,               0.031253,              0.0085876,               0.040393,              0.0065899,              0.0065899
                      2,               0.081941,               0.027488,               0.044425,               0.012121,                 0.6376,                0.66658,                0.62981,                0.22092,                0.64252,                0.67395,                0.75768,                0.40362,               0.076131,               0.022046,               0.032524,              0.0070544,               0.010333,              0.0098635,              0.0098635
                      3,               0.073944,               0.025049,               0.044761,               0.010246,                0.36566,                0.75946,                0.58275,                0.22559,                0.33761,                0.71104,                0.54531,                0.30913,               0.067522,               0.020307,               0.035728,              0.0059141,               0.009865,               0.009865,               0.009865
                      4,               0.063921,               0.023868,               0.042156,              0.0086319,                0.59081,                0.82557,                0.80622,                0.34182,                0.70855,                0.73958,                0.85579,                0.54885,               0.061926,               0.020949,               0.031745,              0.0045495,               0.009865,               0.009865,               0.009865
                      5,               0.056606,                0.02327,                0.04118,              0.0075209,                0.49326,                0.80456,                0.68981,                0.36238,                0.51063,                0.82467,                0.69346,                0.41661,               0.053098,               0.019742,               0.028006,              0.0047825,                0.00982,                0.00982,                0.00982
                      6,               0.052994,                0.02249,               0.039557,              0.0064996,                0.90389,                0.85793,                0.93671,                0.47955,                0.89594,                0.85502,                0.92193,                 0.6068,               0.035518,               0.019048,               0.025022,               0.004063,               0.009775,               0.009775,               0.009775
                      7,               0.048406,                0.02142,               0.037744,              0.0057528,                0.89332,                0.97033,                0.97461,                0.57594,                0.91831,                0.85441,                0.90367,                0.60792,                0.03189,               0.018176,               0.025994,              0.0042298,                0.00973,                0.00973,                0.00973
                      8,               0.044706,                0.02101,               0.035332,               0.005302,                0.79422,                0.98498,                0.96618,                0.61214,                0.84324,                0.80478,                0.86355,                 0.6428,               0.036848,               0.018189,               0.025163,              0.0036787,               0.009685,               0.009685,               0.009685
                      9,               0.046225,               0.021035,               0.038658,              0.0049903,                0.82108,                0.93191,                0.89501,                0.44353,                0.74472,                0.88942,                 0.8312,                0.45197,               0.048956,                0.01817,               0.028551,              0.0033949,                0.00964,                0.00964,                0.00964
                     10,               0.041744,               0.021187,               0.035443,              0.0047622,                0.89798,                0.99035,                0.98727,                0.67099,                0.84191,                 0.9338,                0.91899,                0.72963,               0.030479,               0.018562,               0.024448,              0.0031966,               0.009595,               0.009595,               0.009595
                     11,               0.041437,               0.020272,               0.035372,              0.0042331,                0.90534,                0.98082,                0.96783,                0.62691,                0.90486,                0.87995,                0.89757,                0.68169,               0.036011,               0.017853,               0.024449,              0.0031887,                0.00955,                0.00955,                0.00955
                     12,               0.041712,               0.019515,               0.037361,              0.0040513,                0.83697,                 0.8795,                0.92921,                0.56937,                 0.8292,                0.86699,                0.88831,                0.61025,               0.039811,               0.017374,               0.025068,              0.0028191,               0.009505,               0.009505,               0.009505
                     13,               0.040302,               0.019511,               0.035474,              0.0038131,                 0.8638,                0.95898,                0.88417,                0.59903,                0.80747,                0.88946,                0.81445,                0.64434,               0.027022,               0.017771,               0.023064,               0.002861,                0.00946,                0.00946,                0.00946
                     14,               0.039704,                0.01934,               0.033826,              0.0038137,                0.98548,                0.98953,                0.98911,                0.72362,                0.93802,                0.93966,                0.94198,                0.66622,               0.031014,               0.017389,                 0.0243,              0.0027333,               0.009415,               0.009415,               0.009415
                     15,               0.038332,               0.018724,               0.035389,              0.0033073,                 0.9572,                0.97787,                0.97195,                0.62954,                0.95486,                0.97478,                0.96736,                0.76743,               0.029691,               0.017175,               0.024488,               0.002639,                0.00937,                0.00937,                0.00937
                     16,               0.036963,               0.018863,                0.03339,              0.0033875,                0.91716,                0.98669,                0.96407,                0.64346,                0.89614,                 0.9594,                 0.9207,                0.71029,               0.029096,               0.017787,               0.023816,              0.0027128,               0.009325,               0.009325,               0.009325
                     17,               0.035786,               0.018856,               0.033619,              0.0035857,                0.98535,                0.98229,                0.98522,                0.65484,                0.98535,                0.98229,                0.98559,                0.74764,               0.028023,               0.017316,               0.023504,              0.0027129,                0.00928,                0.00928,                0.00928
                     18,               0.035575,                0.01889,               0.032068,              0.0035178,                0.97225,                0.97684,                 0.9758,                0.66498,                0.97084,                0.97548,                0.97489,                0.76573,               0.031004,               0.017192,               0.023849,              0.0026162,               0.009235,               0.009235,               0.009235
                     19,               0.034819,               0.018691,               0.032598,              0.0032518,                0.98343,                  0.987,                0.98344,                 0.7369,                0.95936,                0.96126,                0.95862,                 0.6956,               0.024489,               0.017062,               0.023512,              0.0024446,                0.00919,                0.00919,                0.00919
                     20,                0.03509,                0.01875,               0.032641,              0.0030221,                0.98492,                0.99173,                0.98736,                0.67144,                0.95267,                0.95863,                 0.9565,                0.69651,               0.027393,               0.016702,               0.023124,              0.0022771,               0.009145,               0.009145,               0.009145
                     21,               0.034353,               0.018635,               0.033487,              0.0030264,                  0.984,                0.99005,                 0.9867,                0.67512,                0.97847,                0.98455,                0.97936,                0.73411,               0.026737,               0.016751,               0.022656,              0.0023569,                 0.0091,                 0.0091,                 0.0091
                     22,                0.03468,                0.01822,               0.033349,               0.003145,                0.98569,                0.98819,                0.98604,                0.73524,                0.98187,                0.98433,                0.98395,                 0.7939,               0.022748,               0.016604,               0.023129,              0.0023944,               0.009055,               0.009055,               0.009055
                     23,               0.034669,               0.018545,               0.032627,              0.0029174,                0.97902,                0.98697,                0.98163,                0.64143,                0.93067,                 0.9374,                0.93024,                0.63204,               0.033762,               0.016709,               0.024363,              0.0022995,                0.00901,                0.00901,                0.00901
                     24,               0.033605,               0.018252,               0.029952,               0.003089,                0.98403,                0.98471,                0.97888,                0.66512,                 0.8959,                0.89497,                0.89029,                 0.6521,               0.027566,               0.016536,               0.022794,              0.0024757,               0.008965,               0.008965,               0.008965
                     25,               0.033536,               0.018163,               0.032152,              0.0029743,                0.98578,                 0.9876,                0.98462,                0.72616,                0.95683,                0.95863,                0.95608,                0.69007,               0.027924,               0.016772,               0.022863,              0.0023615,                0.00892,                0.00892,                0.00892
                     26,               0.032007,               0.018499,               0.030834,              0.0030541,                0.95086,                0.97845,                0.98109,                0.71196,                 0.8904,                0.90871,                0.91809,                0.65256,               0.024954,               0.016411,               0.021233,                0.00267,               0.008875,               0.008875,               0.008875
                     27,               0.032382,               0.018028,               0.031688,              0.0030984,                0.98823,                0.98771,                0.98721,                 0.7031,                0.98565,                0.98477,                0.98434,                0.81319,               0.024149,               0.016795,               0.022967,              0.0023064,                0.00883,                0.00883,                0.00883
                     28,               0.032017,               0.018134,               0.030345,              0.0027413,                0.98885,                0.99035,                0.98855,                0.68618,                0.92892,                0.92966,                0.91501,                0.68111,               0.023473,                0.01672,               0.021685,               0.002401,               0.008785,               0.008785,               0.008785
                     29,               0.031685,               0.018659,               0.031468,              0.0029063,                0.98954,                0.99256,                0.99017,                0.72916,                0.95861,                0.96111,                0.95588,                0.77648,               0.022777,               0.016551,               0.020978,              0.0021314,                0.00874,                0.00874,                0.00874
                     30,               0.030883,               0.018105,                0.03103,              0.0026669,                0.95936,                0.97794,                0.97748,                0.76048,                0.94279,                0.96139,                0.95883,                0.71985,                0.02367,               0.016524,               0.021521,              0.0021424,               0.008695,               0.008695,               0.008695
                     31,               0.030498,               0.017894,                0.03247,              0.0027385,                0.98828,                0.99146,                0.98883,                0.75744,                0.94039,                0.94136,                0.94291,                0.71421,               0.022964,               0.016335,               0.021135,              0.0019504,                0.00865,                0.00865,                0.00865
                     32,                0.03029,               0.017738,               0.030532,              0.0026904,                0.98667,                 0.9876,                 0.9829,                0.74826,                0.96332,                0.96415,                0.96142,                 0.7654,               0.020958,               0.016677,               0.021081,              0.0022793,               0.008605,               0.008605,               0.008605
                     33,               0.030641,               0.017723,               0.031533,              0.0026699,                0.98553,                0.98897,                0.98369,                0.74007,                0.97451,                0.97794,                0.97394,                0.77718,               0.023575,               0.017291,               0.022295,              0.0020355,                0.00856,                0.00856,                0.00856
                     34,               0.029988,               0.018399,               0.030243,              0.0027449,                0.99071,                0.99035,                0.98636,                0.70473,                0.95644,                 0.9554,                0.94863,                0.74439,               0.022749,               0.016783,               0.020865,              0.0020662,               0.008515,               0.008515,               0.008515
                     35,               0.029377,               0.017959,               0.030705,              0.0026645,                0.95939,                0.95105,                0.98004,                0.72094,                0.88761,                 0.8778,                0.89474,                0.68712,               0.024344,               0.016491,               0.021435,              0.0019882,                0.00847,                0.00847,                0.00847
                     36,               0.030651,               0.017712,               0.032012,              0.0025037,                0.99062,                0.99173,                0.98897,                0.73503,                0.98117,                0.98208,                0.97987,                0.80418,               0.022945,               0.016392,               0.023737,              0.0019628,               0.008425,               0.008425,               0.008425
                     37,               0.030497,               0.017914,               0.031335,              0.0024481,                0.98783,                0.98556,                0.98625,                0.71778,                0.93888,                0.93739,                0.93835,                0.66029,                0.02501,               0.016683,               0.022489,              0.0020036,                0.00838,                0.00838,                0.00838
                     38,               0.029657,               0.017666,               0.029685,              0.0024351,                0.98954,                0.99035,                0.98681,                0.73197,                0.96198,                0.96277,                0.96016,                0.73838,               0.021401,               0.016984,               0.021301,              0.0020368,               0.008335,               0.008335,               0.008335
                     39,               0.029518,                0.01745,               0.031253,              0.0025918,                0.98536,                0.98762,                0.98451,                0.77104,                0.95168,                0.95273,                0.94427,                 0.6972,               0.020957,               0.016908,               0.020255,              0.0020426,                0.00829,                0.00829,                0.00829
                     40,               0.029503,               0.017381,               0.030713,              0.0023079,                0.98955,                0.98915,                0.98672,                0.77018,                0.93722,                0.93677,                0.92769,                0.68722,               0.021255,               0.016659,               0.021222,              0.0019405,               0.008245,               0.008245,               0.008245
                     41,               0.028956,                0.01738,               0.030637,              0.0025294,                 0.9917,                0.99159,                0.98881,                0.76472,                0.93384,                0.93378,                0.92344,                0.68904,                0.02286,               0.016766,               0.021018,              0.0022829,                 0.0082,                 0.0082,                 0.0082
                     42,               0.027219,                0.01741,               0.030136,              0.0026956,                0.98872,                0.98853,                0.98458,                0.78153,                0.93217,                  0.932,                0.92411,                0.69246,               0.020428,               0.016659,               0.020829,              0.0019962,               0.008155,               0.008155,               0.008155
                     43,                0.02819,               0.017399,                0.03176,              0.0025127,                0.98764,                0.99019,                0.98714,                0.76508,                0.91401,                0.91404,                0.91309,                0.72701,                0.02077,               0.016285,               0.020984,              0.0019406,                0.00811,                0.00811,                0.00811
                     44,               0.027983,               0.016961,               0.029766,              0.0024509,                0.98638,                0.98732,                0.98581,                 0.7482,                0.93422,                0.93491,                0.92803,                 0.7178,               0.021471,               0.016369,               0.021312,              0.0020454,               0.008065,               0.008065,               0.008065
                     45,               0.028263,               0.017192,               0.028997,              0.0023921,                0.98902,                0.99173,                0.98913,                0.76952,                0.90791,                0.91035,                0.90601,                0.70849,               0.019037,               0.016386,               0.021061,              0.0018769,                0.00802,                0.00802,                0.00802
                     46,               0.027836,               0.017045,               0.030175,              0.0024256,                0.98827,                0.99035,                0.98706,                0.74332,                0.93012,                0.93104,                0.92083,                0.67206,               0.021713,               0.016156,                0.02098,              0.0021065,               0.007975,               0.007975,               0.007975
                     47,               0.027827,               0.016652,               0.030151,              0.0024453,                0.98937,                0.99173,                0.98858,                0.80739,                 0.9318,                 0.9338,                0.92446,                0.70519,               0.016291,                0.01634,               0.020112,              0.0017701,                0.00793,                0.00793,                0.00793
                     48,               0.027408,               0.016946,               0.028868,              0.0021223,                0.99118,                0.99173,                0.98819,                0.78862,                0.93134,                0.93104,                0.92659,                0.75456,                0.01753,               0.016075,               0.019969,              0.0017325,               0.007885,               0.007885,               0.007885
                     49,               0.027242,               0.016921,               0.029195,              0.0022934,                0.98445,                0.98484,                0.97923,                 0.6885,                0.95417,                0.95449,                0.95227,                 0.7515,               0.022469,               0.016293,                0.02096,               0.001858,                0.00784,                0.00784,                0.00784
                     50,               0.027656,               0.017469,               0.028811,              0.0025778,                0.98938,                0.99008,                0.98627,                0.75444,                0.94561,                0.94622,                0.93913,                0.77159,               0.018732,               0.015993,               0.019989,              0.0019612,               0.007795,               0.007795,               0.007795
                     51,               0.026872,               0.016886,               0.030715,              0.0022695,                0.98985,                0.99146,                0.99021,                0.78651,                0.95562,                0.95725,                0.94984,                0.78627,               0.017947,                0.01621,               0.019909,              0.0018702,                0.00775,                0.00775,                0.00775
                     52,                0.02573,               0.017129,               0.028474,              0.0023938,                0.98992,                0.99127,                0.98989,                0.80287,                0.95116,                0.95277,                0.94651,                0.74273,               0.016375,                0.01634,               0.018801,              0.0018878,               0.007705,               0.007705,               0.007705
                     53,               0.026739,               0.016289,               0.028012,              0.0022663,                 0.9902,                0.99173,                0.98929,                0.78387,                0.92691,                0.92691,                0.91251,                0.67736,               0.017317,               0.016093,               0.019389,              0.0017921,                0.00766,                0.00766,                0.00766
                     54,               0.027318,               0.017131,                0.02892,              0.0022106,                0.99285,                0.99304,                0.99148,                0.82575,                0.94639,                0.94592,                0.93986,                0.73707,               0.016733,               0.015956,                0.01887,              0.0017059,               0.007615,               0.007615,               0.007615
                     55,               0.026562,               0.016755,               0.027707,              0.0020679,                0.98758,                 0.9876,                0.98517,                0.75475,                0.90824,                 0.9076,                0.89299,                0.66521,                0.02168,               0.016364,               0.019894,              0.0017858,                0.00757,                0.00757,                0.00757
                     56,               0.026219,               0.016683,               0.028617,              0.0022884,                0.99182,                0.99173,                0.99065,                 0.7892,                0.92321,                0.92277,                0.91371,                0.68089,               0.020417,               0.016245,               0.019676,               0.001824,               0.007525,               0.007525,               0.007525
                     57,               0.026434,               0.016514,               0.028582,              0.0021809,                0.99048,                0.99035,                0.98716,                 0.8077,                0.92175,                0.92139,                0.91393,                0.68472,               0.017604,               0.016244,               0.019459,              0.0017053,                0.00748,                0.00748,                0.00748
                     58,               0.025809,               0.017057,               0.028636,              0.0022111,                  0.993,                0.99305,                0.99101,                0.80757,                0.96682,                0.96688,                0.96327,                0.74123,               0.018242,               0.015923,               0.019022,              0.0017915,               0.007435,               0.007435,               0.007435
                     59,               0.025327,               0.017331,               0.027986,              0.0022192,                0.99234,                0.99284,                0.99092,                0.77738,                0.95832,                0.95863,                0.95331,                0.76104,               0.018181,               0.015967,               0.020074,               0.001677,                0.00739,                0.00739,                0.00739
                     60,               0.026219,               0.016841,               0.028935,              0.0022275,                0.99004,                0.99035,                0.98678,                0.78986,                0.91703,                0.91725,                0.90696,                0.67281,               0.018401,               0.015864,               0.019128,               0.001752,               0.007345,               0.007345,               0.007345
                     61,                0.02607,               0.016198,               0.027978,              0.0020558,                0.99114,                0.99173,                0.98898,                0.80145,                0.94705,                 0.9476,                0.93852,                0.74117,               0.018216,               0.016065,               0.019691,              0.0016516,                 0.0073,                 0.0073,                 0.0073
                     62,                0.02489,               0.016292,               0.027764,              0.0020831,                0.98938,                0.99035,                0.98707,                0.80175,                0.92737,                0.92553,                0.91615,                0.69577,               0.019334,               0.016424,               0.019836,                0.00187,               0.007255,               0.007255,               0.007255
                     63,               0.025029,                0.01642,               0.028403,              0.0021607,                 0.9895,                0.99035,                0.98684,                0.76276,                0.93491,                0.93518,                0.92786,                0.76525,               0.019869,                0.01661,                0.01997,              0.0016499,                0.00721,                0.00721,                0.00721
                     64,               0.025298,               0.016346,               0.027809,              0.0020075,                0.98978,                0.98953,                0.98734,                0.79137,                0.96222,                0.96199,                0.95894,                0.76135,               0.016396,               0.016507,               0.018619,              0.0016236,               0.007165,               0.007165,               0.007165
                     65,               0.025621,               0.016934,               0.028153,              0.0021019,                0.98971,                0.99035,                0.98698,                0.79583,                0.97179,                0.97242,                0.96721,                 0.7396,                0.01703,               0.016267,               0.020184,              0.0017536,                0.00712,                0.00712,                0.00712
                     66,                0.02513,               0.016148,               0.027985,              0.0020479,                0.99124,                0.99173,                 0.9895,                0.81361,                0.95706,                0.95725,                0.94948,                0.72985,               0.016718,               0.015964,               0.019219,              0.0016902,               0.007075,               0.007075,               0.007075
                     67,                0.02428,               0.016089,               0.026717,              0.0020373,                0.98931,                0.99035,                0.98633,                 0.8082,                0.95244,                0.95311,                0.94513,                0.74263,               0.016657,               0.015697,               0.018991,               0.001815,                0.00703,                0.00703,                0.00703
                     68,               0.024697,               0.016657,               0.028854,              0.0021698,                0.99093,                0.99173,                0.98864,                0.80757,                0.90691,                 0.9076,                0.89617,                 0.6949,               0.017019,               0.015842,               0.019491,              0.0016619,               0.006985,               0.006985,               0.006985
                     69,               0.024282,               0.016062,               0.027152,              0.0019523,                0.99042,                0.98961,                0.98647,                0.77038,                0.92022,                0.91929,                0.91392,                0.71859,                0.01812,               0.016015,                0.01919,              0.0017021,                0.00694,                0.00694,                0.00694
                     70,               0.024572,               0.016081,               0.027924,              0.0020838,                0.98858,                0.98897,                0.98607,                0.80086,                0.91977,                0.92001,                0.90971,                0.69835,               0.016635,               0.015872,               0.018661,              0.0016546,               0.006895,               0.006895,               0.006895
                     71,                0.02449,               0.016372,               0.027215,              0.0019603,                0.98979,                0.99035,                0.98767,                0.79894,                 0.9559,                0.95587,                0.95337,                0.76586,               0.017606,               0.016187,               0.019103,              0.0017183,                0.00685,                0.00685,                0.00685
                     72,               0.024232,               0.016525,               0.028735,              0.0020635,                0.98849,                0.98897,                0.98547,                0.81416,                0.96228,                0.96277,                0.95834,                0.73136,               0.016597,               0.016513,                 0.0194,              0.0016551,               0.006805,               0.006805,               0.006805
                     73,               0.024289,               0.016096,               0.027949,              0.0018611,                 0.9895,                0.99035,                0.98646,                0.79014,                 0.9592,                0.96001,                0.95218,                0.77126,               0.018059,               0.016373,               0.019737,              0.0016513,                0.00676,                0.00676,                0.00676
                     74,               0.024183,               0.016117,               0.027938,              0.0021153,                0.99223,                 0.9927,                0.99023,                0.80912,                0.95973,                0.96001,                0.95218,                0.73895,               0.016996,               0.016112,               0.019097,              0.0017365,               0.006715,               0.006715,               0.006715
                     75,               0.023553,               0.015687,               0.027481,              0.0020363,                 0.9919,                 0.9926,                0.99032,                0.81395,                0.96711,                0.96691,                0.96193,                0.73642,               0.016158,               0.015836,               0.018487,              0.0016589,                0.00667,                0.00667,                0.00667
                     76,               0.023372,               0.016184,               0.027252,              0.0019316,                0.99257,                0.99311,                0.99087,                0.78104,                0.95717,                0.95587,                0.94559,                0.68681,               0.018258,               0.015846,               0.019485,              0.0016136,               0.006625,               0.006625,               0.006625
                     77,               0.023684,               0.015961,               0.027538,              0.0019197,                  0.989,                 0.9876,                0.98464,                0.80334,                0.96823,                0.96829,                0.96394,                0.77341,               0.017918,               0.016211,               0.018632,              0.0014657,                0.00658,                0.00658,                0.00658
                     78,               0.023313,               0.015839,               0.026334,              0.0019092,                0.98956,                0.99035,                0.98645,                 0.8149,                0.94975,                0.94897,                 0.9394,                0.71766,               0.016148,               0.015853,               0.018569,               0.001654,               0.006535,               0.006535,               0.006535
                     79,               0.023384,               0.016096,               0.027276,              0.0020432,                0.98812,                0.98897,                0.98521,                0.80693,                0.94011,                 0.9407,                0.93437,                0.77204,               0.016694,               0.016268,               0.018779,              0.0016233,                0.00649,                0.00649,                0.00649
                     80,               0.023256,               0.015313,               0.027667,              0.0017752,                0.98945,                0.98897,                0.98578,                0.80938,                0.96189,                0.96139,                0.95547,                0.76687,               0.017271,               0.016099,               0.019102,              0.0014634,               0.006445,               0.006445,               0.006445
                     81,               0.023141,               0.016348,               0.026754,              0.0018366,                0.99139,                0.99063,                0.98893,                0.82456,                  0.958,                0.95725,                0.95138,                0.73666,               0.015628,               0.015838,               0.018448,              0.0015216,                 0.0064,                 0.0064,                 0.0064
                     82,                0.02312,               0.016111,               0.027327,              0.0019217,                 0.9912,                0.99156,                0.98845,                  0.818,                0.96197,                0.96139,                0.95555,                0.75917,               0.016606,               0.015778,               0.018325,              0.0015669,               0.006355,               0.006355,               0.006355
                     83,               0.022925,               0.015668,               0.026532,              0.0019507,                0.98841,                0.99173,                0.98854,                0.83299,                0.94299,                0.94622,                0.93576,                0.73823,               0.015174,               0.015467,               0.018522,              0.0015609,                0.00631,                0.00631,                0.00631
                     84,                0.02177,               0.015704,               0.026597,              0.0017974,                0.98995,                0.99035,                0.98684,                 0.8002,                  0.961,                0.96139,                0.95021,                0.71365,               0.017184,               0.015575,               0.018964,              0.0014682,               0.006265,               0.006265,               0.006265
                     85,               0.022684,               0.016189,               0.027956,              0.0019377,                0.99083,                0.99173,                0.98978,                0.81831,                0.96496,                0.96553,                0.96089,                 0.7686,               0.015826,               0.015538,               0.018408,              0.0015259,                0.00622,                0.00622,                0.00622
                     86,               0.022935,               0.015887,               0.026718,              0.0018528,                0.99126,                0.99173,                0.98864,                0.82937,                0.92272,                0.92277,                0.91518,                 0.6885,               0.015744,               0.015821,               0.018231,              0.0014258,               0.006175,               0.006175,               0.006175
                     87,               0.022719,               0.015669,               0.027048,              0.0017836,                0.99115,                0.99173,                0.98888,                0.81626,                0.95342,                0.95311,                0.94672,                0.76418,               0.015689,               0.015822,               0.018857,              0.0014508,                0.00613,                0.00613,                0.00613
                     88,               0.022205,               0.015775,               0.026467,              0.0018006,                0.98951,                0.98996,                0.98731,                0.79363,                 0.9316,                0.93104,                0.92446,                0.75643,               0.017494,               0.015649,               0.018744,              0.0014352,               0.006085,               0.006085,               0.006085
                     89,               0.022416,               0.015762,               0.026189,              0.0018934,                0.99158,                0.99085,                  0.989,                0.83338,                0.92521,                0.92415,                0.90326,                0.70834,               0.015274,               0.015945,               0.018054,               0.001617,                0.00604,                0.00604,                0.00604
                     90,               0.022553,               0.015543,                0.02631,              0.0018465,                0.99129,                0.99131,                0.98881,                0.81811,                 0.9608,                0.96001,                0.94769,                0.76982,               0.015496,               0.015862,                0.01826,              0.0014254,               0.005995,               0.005995,               0.005995
                     91,               0.021733,               0.015791,               0.026719,               0.001778,                0.98998,                0.98977,                0.98612,                0.83638,                0.94838,                0.94751,                 0.9365,                0.74064,               0.015338,               0.015514,               0.018199,              0.0014406,                0.00595,                0.00595,                0.00595
                     92,               0.021698,               0.016049,               0.028584,              0.0017502,                0.98945,                0.99035,                0.98683,                0.80925,                0.93112,                0.92966,                0.92072,                0.70399,               0.015646,               0.015644,               0.018414,              0.0014582,               0.005905,               0.005905,               0.005905
                     93,               0.021869,               0.015978,               0.026323,              0.0018955,                0.99099,                0.99173,                0.98886,                0.84198,                0.93926,                0.93794,                0.92756,                 0.7283,               0.015003,               0.015643,               0.018059,              0.0014644,                0.00586,                0.00586,                0.00586
                     94,               0.021927,               0.015665,                0.02511,              0.0017384,                0.99162,                0.99173,                0.98815,                0.82205,                0.94777,                0.94686,                0.93695,                 0.7124,               0.016353,               0.015896,               0.018784,              0.0014754,               0.005815,               0.005815,               0.005815
                     95,                0.02201,               0.015865,               0.025332,              0.0018379,                0.99105,                0.99173,                0.98835,                0.82475,                0.95142,                0.95173,                0.94722,                0.75779,               0.017339,               0.015564,               0.018902,              0.0014296,                0.00577,                0.00577,                0.00577
                     96,               0.021373,               0.014818,               0.026058,              0.0016677,                0.98992,                0.99012,                0.98622,                0.81917,                0.96597,                0.96553,                0.96047,                0.76568,               0.017753,               0.015409,               0.019016,              0.0014306,               0.005725,               0.005725,               0.005725
                     97,               0.022221,               0.015492,               0.026219,              0.0017674,                0.99148,                0.99173,                0.98815,                0.82274,                0.96359,                0.96135,                0.95465,                0.75131,               0.015596,               0.015776,                0.01836,              0.0014972,                0.00568,                0.00568,                0.00568
                     98,               0.021205,                0.01553,               0.025383,              0.0016923,                0.98961,                0.98991,                0.98641,                0.82722,                0.93177,                  0.932,                0.92003,                0.72261,               0.016602,                  0.016,               0.019684,              0.0014597,               0.005635,               0.005635,               0.005635
                     99,               0.020986,               0.015374,               0.024772,              0.0017629,                0.98853,                0.99035,                0.98659,                0.82258,                0.91836,                0.92001,                 0.9101,                0.72831,               0.015885,               0.015945,               0.019214,              0.0015026,                0.00559,                0.00559,                0.00559
                    100,               0.021249,               0.015827,               0.025306,               0.001859,                0.98892,                0.99035,                0.98687,                0.83026,                 0.9342,                0.93518,                0.92565,                 0.7364,               0.015109,               0.015684,               0.018202,              0.0015452,               0.005545,               0.005545,               0.005545
                    101,               0.021081,               0.015497,               0.025782,              0.0017833,                0.98927,                0.99035,                0.98686,                0.83032,                0.94099,                0.94208,                0.92689,                0.71597,               0.015534,               0.015549,               0.018243,              0.0014503,                 0.0055,                 0.0055,                 0.0055
                    102,               0.020673,               0.015292,               0.024254,              0.0017361,                0.99185,                0.99173,                 0.9884,                0.82328,                0.93673,                0.93656,                0.92188,                 0.7262,               0.015785,               0.015323,               0.017916,              0.0014528,               0.005455,               0.005455,               0.005455
                    103,               0.020688,               0.015347,               0.024862,              0.0017273,                0.99203,                0.99155,                0.98869,                0.83622,                0.94656,                0.94603,                0.93861,                 0.7349,               0.015302,               0.015639,               0.017981,               0.001449,                0.00541,                0.00541,                0.00541
                    104,               0.020869,               0.015566,               0.025756,              0.0017649,                0.99177,                0.99173,                0.98916,                0.83916,                0.95737,                0.95725,                0.94978,                0.73049,               0.014445,               0.015533,               0.018062,              0.0014308,               0.005365,               0.005365,               0.005365
                    105,               0.020365,               0.015601,               0.024661,              0.0017128,                0.99145,                0.99173,                0.98855,                0.83344,                0.94466,                0.94484,                0.93689,                0.71065,               0.015745,               0.015692,                0.01853,              0.0014609,                0.00532,                0.00532,                0.00532
                    106,               0.020319,               0.014971,               0.025291,              0.0016935,                 0.9928,                0.99311,                0.99048,                0.82722,                0.94186,                0.94208,                0.93308,                0.72701,               0.015205,               0.015757,               0.018367,              0.0014362,               0.005275,               0.005275,               0.005275
                    107,               0.019879,               0.014949,               0.022973,              0.0016834,                 0.9922,                0.99311,                0.99062,                0.82835,                0.96052,                0.96139,                0.95389,                 0.7124,               0.015596,               0.016087,               0.018503,               0.001444,                0.00523,                0.00523,                0.00523
                    108,               0.020126,               0.014964,               0.024467,              0.0017681,                0.99168,                0.99173,                0.98882,                0.82812,                0.95182,                0.95173,                0.94405,                0.76636,               0.015125,               0.015765,               0.018254,              0.0014477,               0.005185,               0.005185,               0.005185
                    109,               0.020523,               0.015242,               0.026401,              0.0016623,                0.98961,                0.99035,                0.98689,                0.82648,                0.94055,                 0.9407,                0.92945,                0.71539,               0.015896,               0.015854,               0.018716,              0.0013793,                0.00514,                0.00514,                0.00514
                    110,               0.020232,                 0.0152,               0.025309,              0.0015513,                0.99109,                0.99173,                0.99014,                0.84242,                 0.9348,                0.93518,                0.92643,                0.74422,               0.015157,               0.015712,               0.018539,              0.0013308,               0.005095,               0.005095,               0.005095
                    111,               0.020164,               0.015102,               0.025421,              0.0015393,                0.98943,                0.99035,                0.98695,                0.84045,                0.93729,                0.93794,                0.92908,                0.70628,                0.01483,               0.015538,                0.01874,              0.0013426,                0.00505,                0.00505,                0.00505
                    112,               0.020323,               0.015227,               0.024506,              0.0016717,                0.99086,                0.99173,                 0.9891,                 0.8262,                0.95384,                0.95449,                0.94803,                0.71357,               0.014848,               0.015673,               0.018618,                0.00138,               0.005005,               0.005005,               0.005005
                    113,               0.019881,               0.015078,               0.025228,              0.0016111,                0.98945,                0.99035,                0.98678,                0.83849,                0.95498,                0.95587,                0.94676,                0.72156,               0.014513,               0.015737,               0.018633,              0.0013748,                0.00496,                0.00496,                0.00496
                    114,               0.019833,               0.014885,               0.024356,              0.0016134,                0.99085,                0.99173,                0.98853,                0.83898,                0.95683,                0.95307,                0.94836,                0.73001,               0.014454,               0.015493,               0.018171,              0.0013576,               0.004915,               0.004915,               0.004915
                    115,               0.019523,                0.01518,               0.025437,              0.0015964,                0.99172,                0.99149,                0.98913,                0.84243,                0.96294,                0.96228,                0.95959,                0.73146,               0.014379,               0.015324,               0.018123,              0.0014022,                0.00487,                0.00487,                0.00487
                    116,               0.019558,               0.014818,               0.024261,              0.0017347,                0.99027,                0.99035,                0.98605,                0.84279,                0.94342,                0.94346,                 0.9337,                0.73068,               0.014598,                0.01574,               0.017658,              0.0013643,               0.004825,               0.004825,               0.004825
                    117,               0.019294,               0.015044,               0.023704,              0.0015634,                0.99316,                0.99311,                 0.9898,                0.83683,                0.96303,                0.96277,                0.95779,                0.72251,                0.01508,               0.015825,               0.017869,               0.001382,                0.00478,                0.00478,                0.00478
                    118,               0.019654,               0.014989,               0.024468,               0.001477,                0.99041,                0.99035,                0.98681,                0.83679,                0.93982,                0.93932,                0.93157,                0.74368,               0.014899,               0.015583,               0.017804,              0.0013335,               0.004735,               0.004735,               0.004735
                    119,               0.019555,                0.01481,               0.025565,              0.0015638,                0.99292,                 0.9926,                0.99061,                0.85014,                 0.9445,                0.94346,                 0.9391,                0.71721,               0.014392,               0.015727,               0.018019,              0.0013254,                0.00469,                0.00469,                0.00469
                    120,               0.019538,               0.015077,               0.024521,              0.0015141,                0.98965,                0.99035,                0.98637,                0.83171,                 0.9278,                0.92829,                0.91803,                0.69759,               0.015085,               0.015888,               0.018934,              0.0013727,               0.004645,               0.004645,               0.004645
                    121,               0.019727,               0.014597,                0.02523,              0.0016186,                0.99135,                0.99173,                0.98896,                0.84381,                0.94627,                0.94622,                0.94046,                0.72131,                0.01474,               0.015567,               0.018162,              0.0012858,                 0.0046,                 0.0046,                 0.0046
                    122,                0.01938,               0.015048,               0.023983,              0.0015456,                0.99172,                0.99311,                0.99109,                0.83813,                0.96079,                0.96045,                0.95602,                0.73944,               0.014664,               0.015725,               0.017757,              0.0013262,               0.004555,               0.004555,               0.004555
                    123,               0.019282,               0.014693,                0.02417,              0.0016294,                0.99149,                0.99109,                0.98952,                0.85037,                0.94403,                0.94346,                0.93512,                0.71369,               0.014456,               0.015992,               0.017993,              0.0014161,                0.00451,                0.00451,                0.00451
                    124,               0.018706,               0.015507,               0.024511,              0.0016037,                 0.9902,                0.98945,                0.98767,                0.84872,                0.93345,                0.93242,                0.92388,                0.71953,               0.014754,               0.015605,               0.017747,              0.0013371,               0.004465,               0.004465,               0.004465
                    125,               0.019005,                0.01487,                0.02394,              0.0015764,                0.99025,                0.99035,                0.98742,                0.85397,                0.94794,                0.94756,                 0.9367,                0.71532,                0.01438,               0.015486,               0.017917,              0.0013332,                0.00442,                0.00442,                0.00442
                    126,               0.019056,               0.015001,               0.024467,               0.001628,                 0.9896,                0.99035,                0.98611,                0.84064,                0.93491,                0.93356,                0.92525,                0.72549,               0.014738,                0.01568,               0.018297,              0.0013496,               0.004375,               0.004375,               0.004375
                    127,               0.019202,               0.015088,               0.024989,              0.0016263,                0.99035,                0.99035,                0.98669,                0.83585,                0.94235,                 0.9407,                 0.9323,                0.72816,                0.01458,                0.01592,               0.018901,              0.0013325,                0.00433,                0.00433,                0.00433
                    128,               0.018348,               0.014431,                0.02321,              0.0014313,                0.99136,                0.99173,                0.98885,                0.84335,                0.95941,                0.95863,                0.95523,                0.74769,               0.014535,               0.015667,               0.018005,              0.0013477,               0.004285,               0.004285,               0.004285
                    129,               0.018751,               0.014864,               0.023028,              0.0016267,                0.99002,                0.99035,                0.98647,                0.83874,                0.94042,                 0.9407,                0.93467,                0.70999,               0.014747,                0.01589,               0.017579,              0.0013676,                0.00424,                0.00424,                0.00424
                    130,               0.019037,               0.015152,                0.02474,              0.0016184,                0.99005,                0.99035,                0.98662,                0.83328,                0.92261,                0.92277,                0.91656,                 0.7125,                0.01465,               0.015893,               0.017674,              0.0012843,               0.004195,               0.004195,               0.004195
                    131,               0.018482,               0.014648,               0.023957,              0.0015576,                0.99296,                0.99311,                0.99007,                0.85302,                0.95327,                0.95311,                0.94702,                0.73328,               0.014108,                0.01566,               0.017609,              0.0013084,                0.00415,                0.00415,                0.00415
                    132,               0.017917,               0.014848,               0.022889,              0.0015563,                0.99083,                0.99173,                0.98878,                0.85316,                0.94263,                0.94346,                0.93339,                0.72314,               0.013916,               0.015453,               0.017643,              0.0013343,               0.004105,               0.004105,               0.004105
                    133,                0.01775,               0.014664,               0.023557,              0.0014222,                0.99137,                0.99157,                0.98851,                0.84924,                0.93157,                0.93104,                 0.9215,                0.71204,                0.01435,               0.015708,               0.017676,              0.0012618,                0.00406,                0.00406,                0.00406
                    134,               0.018585,               0.015203,               0.025299,              0.0015352,                0.99144,                0.99173,                0.98873,                0.84444,                 0.9601,                0.96001,                0.95384,                0.74476,               0.014492,               0.015408,               0.018265,              0.0012405,               0.004015,               0.004015,               0.004015
                    135,               0.018278,               0.014857,                0.02398,               0.001449,                0.99159,                0.99173,                0.98908,                0.84393,                0.95909,                0.95834,                0.94932,                0.72145,               0.014281,               0.015549,               0.017515,              0.0012631,                0.00397,                0.00397,                0.00397
                    136,               0.018039,               0.014629,               0.024119,               0.001542,                0.99158,                0.99133,                0.98853,                0.84554,                0.95436,                 0.9541,                0.94789,                0.73003,               0.014219,               0.015669,               0.017474,              0.0012528,               0.003925,               0.003925,               0.003925
                    137,               0.018087,               0.014657,                0.02348,              0.0014654,                0.99178,                0.99132,                0.98886,                0.85107,                0.93118,                0.93063,                0.92307,                0.72019,               0.014346,               0.015834,               0.018044,               0.001273,                0.00388,                0.00388,                0.00388
                    138,               0.018272,               0.014739,               0.023534,              0.0014362,                0.99181,                0.99134,                0.98911,                 0.8534,                0.94926,                0.94834,                 0.9428,                0.73727,               0.014086,               0.015841,               0.017631,              0.0012848,               0.003835,               0.003835,               0.003835
                    139,               0.017984,               0.015096,               0.023427,              0.0014779,                0.99189,                0.99146,                0.98918,                0.85083,                0.96294,                 0.9625,                0.95611,                0.73015,                0.01397,               0.015744,               0.017501,              0.0012456,                0.00379,                0.00379,                0.00379
                    140,               0.017678,               0.014476,               0.023584,              0.0014111,                0.99202,                0.99087,                0.98914,                0.84683,                0.93829,                0.93708,                0.93004,                0.73011,                0.01406,               0.015529,               0.017084,              0.0012231,               0.003745,               0.003745,               0.003745
                    141,               0.017309,               0.015156,               0.023163,              0.0014673,                0.99081,                0.99035,                0.98686,                 0.8528,                0.93877,                 0.9373,                0.92727,                0.71253,               0.014014,               0.015718,               0.017166,              0.0012402,                 0.0037,                 0.0037,                 0.0037
                    142,               0.017672,               0.014405,                0.02402,              0.0014165,                 0.9917,                0.99173,                0.98843,                0.85356,                0.95755,                0.95725,                0.95035,                0.73479,               0.014034,               0.015652,               0.017674,              0.0011941,               0.003655,               0.003655,               0.003655
                    143,               0.017844,               0.014485,               0.023791,              0.0014804,                 0.9914,                0.99173,                0.98836,                0.85039,                0.95429,                0.95449,                0.94711,                0.74371,               0.014349,               0.015457,                0.01778,              0.0012005,                0.00361,                0.00361,                0.00361
                    144,               0.017972,               0.014633,               0.023714,              0.0015016,                0.99089,                0.99173,                0.99052,                0.84873,                0.94968,                0.95035,                0.94399,                0.73824,               0.014146,               0.015563,               0.017436,              0.0012319,               0.003565,               0.003565,               0.003565
                    145,               0.017543,               0.014893,               0.023784,              0.0014411,                0.99308,                0.99311,                0.99094,                0.84969,                0.96596,                0.96553,                0.96115,                0.72223,               0.014248,               0.015519,                0.01732,              0.0012493,                0.00352,                0.00352,                0.00352
                    146,               0.017339,               0.014587,               0.023901,              0.0015016,                0.99176,                0.99173,                0.99058,                0.85178,                0.96143,                0.96139,                0.95712,                0.73341,               0.014035,               0.015834,                  0.017,              0.0012921,               0.003475,               0.003475,               0.003475
                    147,               0.017347,               0.014822,               0.022632,              0.0015189,                0.99038,                0.99035,                0.98696,                0.84536,                0.96693,                0.96691,                0.96298,                0.74263,               0.014258,               0.015715,               0.017579,              0.0012634,                0.00343,                0.00343,                0.00343
                    148,                0.01769,                0.01481,               0.023041,              0.0014589,                0.99275,                0.99289,                0.99095,                 0.8505,                0.95226,                0.95173,                0.94654,                0.73124,               0.013958,               0.015484,                0.01732,              0.0011786,               0.003385,               0.003385,               0.003385
                    149,               0.016767,               0.014031,               0.023084,              0.0013444,                0.99261,                0.99311,                0.99062,                0.84349,                0.96632,                  0.964,                 0.9576,                0.71923,               0.014298,               0.015668,               0.017573,              0.0011725,                0.00334,                0.00334,                0.00334
                    150,               0.016987,               0.014647,               0.023163,              0.0013307,                0.99292,                0.99311,                0.99076,                0.84875,                0.96387,                0.96277,                0.95736,                0.72627,               0.014048,               0.015464,                0.01754,              0.0012136,               0.003295,               0.003295,               0.003295
                    151,               0.017191,               0.014609,               0.023207,              0.0013554,                 0.9923,                0.99277,                0.99079,                0.84127,                0.96426,                0.96277,                0.95924,                0.71566,               0.014041,               0.015772,               0.017357,              0.0012241,                0.00325,                0.00325,                0.00325
                    152,               0.017264,               0.014639,               0.023071,              0.0013525,                0.99138,                0.99148,                0.98924,                0.85356,                0.96113,                0.95863,                0.95366,                0.72347,                0.01393,               0.015936,               0.017347,              0.0012055,               0.003205,               0.003205,               0.003205
                    153,                0.01703,               0.014059,               0.023632,               0.001387,                0.99161,                0.99173,                0.98924,                0.85495,                0.96314,                0.96277,                0.95915,                0.72872,               0.013876,               0.015801,               0.017169,               0.001213,                0.00316,                0.00316,                0.00316
                    154,               0.016883,               0.014153,               0.022245,              0.0013703,                0.99149,                0.99173,                0.98895,                0.84547,                0.93592,                0.93518,                0.92783,                0.69855,               0.014351,                0.01578,                 0.0173,              0.0012354,               0.003115,               0.003115,               0.003115
                    155,               0.016998,               0.014395,               0.022096,              0.0013899,                0.99144,                0.99173,                0.98919,                0.85005,                 0.9626,                0.96277,                0.95804,                0.72633,               0.014153,                0.01543,               0.017284,              0.0011752,                0.00307,                0.00307,                0.00307
                    156,               0.016888,               0.014323,                0.02249,              0.0014238,                0.99129,                0.99173,                0.98926,                0.84514,                 0.9465,                0.94622,                0.94062,                0.72994,               0.014254,               0.015449,               0.017754,              0.0011638,               0.003025,               0.003025,               0.003025
                    157,               0.016989,               0.014776,               0.022982,              0.0014423,                0.99298,                0.99311,                0.99107,                0.85821,                0.95887,                0.95863,                0.95409,                0.73264,               0.013785,               0.015285,               0.017353,              0.0011372,                0.00298,                0.00298,                0.00298
                    158,               0.016333,               0.014274,               0.022048,              0.0013383,                 0.9931,                0.99311,                0.99124,                0.85124,                0.95736,                0.95725,                0.95282,                0.72861,               0.013902,               0.015171,               0.017148,              0.0011563,               0.002935,               0.002935,               0.002935
                    159,               0.016411,               0.014173,               0.022504,              0.0013719,                0.99196,                0.99173,                 0.9891,                 0.8606,                0.93363,                0.93242,                0.92446,                0.71672,               0.013891,               0.015422,               0.017373,              0.0011752,                0.00289,                0.00289,                0.00289
                    160,               0.016512,               0.014426,               0.022409,              0.0013961,                 0.9918,                0.99173,                0.98929,                0.85929,                0.91346,                0.91311,                0.90683,                0.72236,               0.013887,               0.015708,               0.017467,              0.0011864,               0.002845,               0.002845,               0.002845
                    161,               0.016606,               0.014122,               0.022641,              0.0013168,                0.99289,                0.99311,                0.99118,                0.85586,                0.96014,                0.95976,                0.95512,                0.73784,               0.013921,               0.015823,                0.01727,              0.0011778,                 0.0028,                 0.0028,                 0.0028
                    162,               0.016352,               0.014281,               0.023486,              0.0013738,                0.99162,                0.99107,                0.98922,                0.85721,                0.94339,                 0.9428,                0.93884,                0.74655,               0.014001,               0.015736,               0.017318,               0.001153,               0.002755,               0.002755,               0.002755
                    163,               0.016499,               0.013864,               0.022281,              0.0014005,                0.99129,                0.99166,                0.98901,                0.86121,                0.94855,                0.94892,                0.94478,                 0.7319,               0.013763,               0.015687,               0.017246,               0.001141,                0.00271,                0.00271,                0.00271
                    164,               0.016161,               0.014285,               0.020753,              0.0013423,                0.99258,                0.99311,                0.99096,                0.85309,                0.94735,                0.94689,                0.94195,                0.72252,               0.013865,               0.015547,               0.017062,              0.0011181,               0.002665,               0.002665,               0.002665
                    165,               0.016139,               0.014377,               0.022838,               0.001315,                0.99143,                0.99173,                0.98901,                0.85705,                0.93648,                0.93656,                0.92972,                0.71861,               0.014091,               0.015853,               0.017252,              0.0011209,                0.00262,                0.00262,                0.00262
                    166,               0.015851,               0.013785,               0.022416,               0.001256,                0.99323,                0.99311,                0.99067,                 0.8557,                0.95107,                0.95029,                0.94633,                0.74372,               0.013821,               0.015452,               0.016937,              0.0011014,               0.002575,               0.002575,               0.002575
                    167,               0.015939,               0.013856,               0.022758,              0.0012717,                0.99196,                0.99173,                0.98906,                 0.8609,                 0.9396,                0.93932,                0.93228,                0.72027,               0.013705,               0.015768,                0.01703,              0.0011186,                0.00253,                0.00253,                0.00253
                    168,               0.016081,               0.014077,               0.022186,              0.0013229,                0.99192,                0.99154,                0.98916,                0.85765,                0.93405,                0.93362,                0.92562,                0.71868,               0.013698,               0.015436,               0.016934,              0.0011272,               0.002485,               0.002485,               0.002485
                    169,               0.016243,               0.014403,               0.022485,              0.0012848,                0.99175,                0.99173,                0.99031,                0.85773,                0.93526,                0.93518,                0.92557,                0.71092,               0.013677,               0.015641,               0.017129,              0.0011183,                0.00244,                0.00244,                0.00244
                    170,               0.015635,               0.014188,               0.021533,              0.0013272,                0.99204,                0.99173,                0.98826,                0.85859,                0.94395,                0.94346,                0.93737,                0.71991,               0.013746,                0.01572,               0.017074,               0.001129,               0.002395,               0.002395,               0.002395
                    171,                0.01579,               0.014023,                0.02222,               0.001309,                0.99164,                0.99173,                0.98855,                0.85743,                0.95897,                0.95863,                0.95369,                0.73642,               0.013589,               0.015594,               0.016898,              0.0011262,                0.00235,                0.00235,                0.00235
                    172,               0.015699,               0.014082,               0.021766,              0.0012932,                0.99322,                0.99311,                0.99207,                0.85276,                0.95754,                0.95725,                0.95223,                0.73065,               0.013579,               0.015476,               0.016872,              0.0011181,               0.002305,               0.002305,               0.002305
                    173,               0.015943,               0.014201,               0.021959,              0.0012595,                0.99161,                0.99149,                0.99076,                0.85532,                0.94644,                0.94484,                0.93963,                0.72245,               0.013571,               0.015609,               0.016713,               0.001114,                0.00226,                0.00226,                0.00226
                    174,               0.015775,               0.014197,               0.021917,              0.0012109,                0.99175,                0.99053,                0.98854,                0.85688,                0.93658,                0.93518,                0.92974,                0.71294,               0.013689,               0.015548,                0.01693,              0.0011152,               0.002215,               0.002215,               0.002215
                    175,               0.015273,               0.014219,               0.021058,              0.0012145,                0.99164,                0.99173,                0.98887,                0.86104,                0.94878,                 0.9476,                0.94109,                0.72912,               0.013355,                0.01539,               0.016845,              0.0011177,                0.00217,                0.00217,                0.00217
                    176,               0.015737,               0.014253,               0.021453,              0.0012698,                0.99186,                0.99173,                0.98867,                0.85172,                0.95742,                0.95587,                0.94996,                0.73445,               0.013466,               0.015306,               0.016855,              0.0011075,               0.002125,               0.002125,               0.002125
                    177,               0.015568,               0.014218,               0.021911,              0.0012691,                0.99148,                0.99173,                0.98946,                 0.8635,                0.93958,                0.93656,                0.93277,                0.72572,               0.013586,               0.015421,               0.016704,              0.0011135,                0.00208,                0.00208,                0.00208
                    178,               0.015453,               0.014046,               0.021622,              0.0012879,                0.99052,                0.99035,                0.98747,                0.86319,                0.95104,                0.95035,                0.94604,                0.74969,               0.013489,               0.015667,               0.016626,              0.0010996,               0.002035,               0.002035,               0.002035
                    179,               0.015142,               0.013937,               0.020183,              0.0012031,                0.99219,                0.99173,                0.98929,                0.86278,                0.95229,                0.95173,                 0.9472,                0.73648,                0.01348,               0.015656,               0.016688,              0.0011113,                0.00199,                0.00199,                0.00199
                    180,               0.014771,               0.013895,               0.021504,              0.0011452,                0.99191,                0.99131,                0.98926,                0.86313,                0.93226,                0.93007,                 0.9238,                0.71789,               0.013504,               0.015629,               0.016592,              0.0011053,               0.001945,               0.001945,               0.001945
                    181,               0.015113,               0.014067,               0.020561,              0.0012534,                0.99156,                0.99173,                 0.9894,                0.86418,                0.94767,                0.94622,                0.94213,                0.72564,               0.013367,               0.015576,                 0.0165,              0.0010911,                 0.0019,                 0.0019,                 0.0019
                    182,               0.015196,               0.013922,               0.020792,              0.0011779,                0.99167,                0.99173,                0.98942,                0.86239,                0.94598,                0.94037,                0.93554,                0.71784,               0.013547,               0.015712,               0.016636,              0.0011109,               0.001855,               0.001855,               0.001855
                    183,               0.015302,               0.014368,               0.020733,              0.0011518,                0.99188,                0.99173,                0.98888,                0.86032,                0.94963,                0.94897,                0.94215,                0.72581,               0.013546,               0.015894,               0.016917,              0.0010951,                0.00181,                0.00181,                0.00181
                    184,               0.015348,               0.014259,               0.020838,              0.0011923,                0.99199,                0.99173,                 0.9892,                0.86363,                0.94097,                 0.9407,                0.93288,                0.71223,               0.013589,               0.015976,               0.016802,              0.0010982,               0.001765,               0.001765,               0.001765
                    185,               0.015559,               0.014238,               0.020846,              0.0012364,                0.99168,                0.99173,                0.98875,                0.86139,                0.95061,                0.95035,                 0.9433,                0.72315,               0.013622,               0.016025,               0.016898,              0.0010898,                0.00172,                0.00172,                0.00172
                    186,               0.014783,                0.01376,               0.020703,              0.0011376,                0.99308,                0.99311,                0.99059,                0.86154,                0.96408,                0.96277,                0.95773,                0.74816,               0.013548,               0.015805,               0.016794,              0.0010905,               0.001675,               0.001675,               0.001675
                    187,               0.014726,               0.014007,               0.021258,              0.0011484,                0.99165,                0.99173,                0.98894,                0.86111,                0.94515,                0.94333,                 0.9377,                0.72839,               0.013475,                 0.0158,               0.016872,              0.0010776,                0.00163,                0.00163,                0.00163
                    188,               0.014637,               0.013678,               0.019897,               0.001145,                0.99147,                0.99173,                0.98943,                0.86212,                0.95552,                0.95449,                0.95059,                0.73003,               0.013424,               0.016138,               0.016629,              0.0011058,               0.001585,               0.001585,               0.001585
                    189,               0.014886,               0.013993,               0.020467,               0.001241,                0.99175,                0.99173,                0.98897,                0.86615,                0.94092,                 0.9407,                0.93403,                0.72092,               0.013339,               0.015784,                0.01665,              0.0010971,                0.00154,                0.00154,                0.00154
                    190,               0.014949,               0.013898,               0.020593,               0.001124,                0.99187,                0.99173,                0.98932,                0.86317,                0.93136,                0.93104,                0.92691,                0.71498,               0.013381,               0.015813,                0.01658,              0.0011086,               0.001495,               0.001495,               0.001495
                    191,               0.014611,               0.013991,               0.020714,              0.0012179,                0.99191,                0.99173,                0.98878,                0.86172,                0.93267,                0.93242,                0.92522,                0.71411,               0.013459,               0.015879,               0.016843,              0.0011039,                0.00145,                0.00145,                0.00145
                    192,               0.014689,               0.014039,               0.020898,              0.0011355,                0.99202,                0.99173,                0.98889,                0.86585,                0.95344,                0.95311,                0.94706,                0.72997,               0.013286,               0.015874,               0.016741,              0.0010995,               0.001405,               0.001405,               0.001405
                    193,               0.014479,               0.013594,               0.020672,              0.0010639,                0.99362,                0.99311,                0.99051,                0.86253,                0.95793,                0.95725,                0.95166,                0.73573,               0.013306,               0.015632,               0.016608,               0.001081,                0.00136,                0.00136,                0.00136
                    194,               0.014425,               0.013821,               0.020912,              0.0011359,                0.99299,                0.99311,                 0.9906,                0.86179,                0.95661,                0.95587,                0.95095,                0.73066,               0.013402,               0.015717,               0.016957,              0.0010805,               0.001315,               0.001315,               0.001315
                    195,               0.014569,               0.013876,               0.020323,              0.0011157,                0.99264,                0.99311,                0.99061,                0.86099,                0.95729,                0.95459,                0.95006,                0.72867,               0.013412,               0.015632,               0.016903,              0.0010487,                0.00127,                0.00127,                0.00127
                    196,               0.014523,               0.013774,               0.020324,              0.0010719,                0.99122,                0.99173,                 0.9892,                0.86324,                0.95586,                0.95341,                0.95118,                0.73216,               0.013392,               0.015557,               0.016848,              0.0010272,               0.001225,               0.001225,               0.001225
                    197,               0.014617,               0.013645,               0.020078,                0.00118,                0.99159,                0.99173,                0.98921,                0.86265,                0.95732,                0.95725,                0.95152,                0.73734,               0.013317,               0.015591,               0.016778,              0.0010407,                0.00118,                0.00118,                0.00118
                    198,               0.014751,               0.013991,               0.021074,              0.0011964,                0.99165,                0.99173,                0.98929,                0.86361,                0.95045,                0.94897,                0.94324,                0.72499,               0.013232,               0.015349,               0.016849,              0.0010185,               0.001135,               0.001135,               0.001135
                    199,               0.014694,               0.014107,               0.020624,              0.0011796,                0.99144,                0.99173,                0.98947,                0.86697,                0.94987,                 0.9476,                 0.9434,                0.72843,               0.013213,               0.015371,               0.016541,              0.0010359,                0.00109,                0.00109,                0.00109
                    201,                 0.9919,                0.99173,                 0.9897,                0.86345,                 0.9511,                0.95035,                0.94613,                0.74883,               0.013489,               0.015668,                0.01663,              0.0010997
